review_text,rating,date,bank_name,source
the app is proactive and a good connections.,5,2025-06-05,Commercial Bank of Ethiopia Mobile,Google Play
I cannot send to cbebirr app. through this app.,3,2025-06-05,Commercial Bank of Ethiopia Mobile,Google Play
good,4,2025-06-05,Commercial Bank of Ethiopia Mobile,Google Play
not functional,1,2025-06-05,Commercial Bank of Ethiopia Mobile,Google Play
"everytime you uninstall the app you have to reach them out physically. very oldy! if that's one of security layer, they'd check for fraud attempt via app source directly(source:- app store, play store ... etc) implicitly ! we are in 2025, physical presence for every app install is traditional(traditionally very rare).",1,2025-06-04,Commercial Bank of Ethiopia Mobile,Google Play
·ä†·ä´·ãç·äï·âµ ·ã®·àù·äì·àµ·åà·â£·â†·âµ ·â¶·â≥ ·àµ·àù ·åΩ·çà·äï ·äê·ãç ·ä®·ãö·àÖ ·â†·çä·âµ ·ã®·àã·ä≠·äï·â£·â∏·ãç·äï ·ä†·ä´·ãâ·äï·â∂·âΩ ·ã®·àù·äï·çà·àç·åà·ãâ ·äê·åà·à≠ ·åç·äï ·ä†·ã≤·àµ ·ä†·ä´·ãç·äï·â∂·âΩ mr ·â•·àà·ãâ ·ã®·àö·åÄ·àù·à© ·â†·ãù·â∞·ãã·àç ·åç·äï ·ä†·çï·àç·ä¨·àΩ·äë space ·àµ·äï·åΩ·çç ·ä†·ã≠·âÄ·â†·àç·àù ·â¢·àµ·â∞·ä´·ä®·àç,4,2025-06-04,Commercial Bank of Ethiopia Mobile,Google Play
best,5,2025-06-04,Commercial Bank of Ethiopia Mobile,Google Play
bezabih,5,2025-06-04,Commercial Bank of Ethiopia Mobile,Google Play
Best Mobile Banking app ever,5,2025-06-04,Commercial Bank of Ethiopia Mobile,Google Play
good,5,2025-06-04,Commercial Bank of Ethiopia Mobile,Google Play
it was good app but it have some issues like it doesnt give me the right amount that I have in the bank and have some issues in transferring,2,2025-06-04,Commercial Bank of Ethiopia Mobile,Google Play
good,5,2025-06-04,Commercial Bank of Ethiopia Mobile,Google Play
Good,5,2025-06-04,Commercial Bank of Ethiopia Mobile,Google Play
üëåüëç,5,2025-06-04,Commercial Bank of Ethiopia Mobile,Google Play
very niec,5,2025-06-04,Commercial Bank of Ethiopia Mobile,Google Play
best app of finance,5,2025-06-04,Commercial Bank of Ethiopia Mobile,Google Play
yetemeta,1,2025-06-03,Commercial Bank of Ethiopia Mobile,Google Play
Engida Kebede Fetera,5,2025-06-03,Commercial Bank of Ethiopia Mobile,Google Play
good,5,2025-06-03,Commercial Bank of Ethiopia Mobile,Google Play
it is not safety,1,2025-06-03,Commercial Bank of Ethiopia Mobile,Google Play
NICE bank,5,2025-06-03,Commercial Bank of Ethiopia Mobile,Google Play
it is like a childish app make it better the worst I have ever seen,1,2025-06-02,Commercial Bank of Ethiopia Mobile,Google Play
"It's a problem solver application, go ahead CBE, I love so much.",5,2025-06-02,Commercial Bank of Ethiopia Mobile,Google Play
It's good but try to make it facilitate for your client,4,2025-06-02,Commercial Bank of Ethiopia Mobile,Google Play
best app,5,2025-06-01,Commercial Bank of Ethiopia Mobile,Google Play
Awesome bank,5,2025-06-01,Commercial Bank of Ethiopia Mobile,Google Play
this app has developed in a very good ways but there are some comments I need to make 1- preventing the screenshot likely not good for someone like me coz I need to make screenshot for quicker evidence. 2-it would be good if you make us to access recent transaction histories for 30 days coz we don't have to go to the Bank's in person to see old transactions or add colander category so user can easily access old transactions through colanders.,5,2025-05-31,Commercial Bank of Ethiopia Mobile,Google Play
Masha alla,5,2025-05-31,Commercial Bank of Ethiopia Mobile,Google Play
"Recently there is big problem when sending to safaricom, telebir, and even to cbebirr wallet could anybody who is responsible fix it, it's very frustrating it's been 5 days and my money hasn't been returned it takes it out of my account but doesn't send it to my mpesa update- they have just corrected it and sent me back the money but still I'm afraid now to send again",2,2025-05-31,Commercial Bank of Ethiopia Mobile,Google Play
better service,5,2025-05-31,Commercial Bank of Ethiopia Mobile,Google Play
"it,s good app and time manager üëç",5,2025-05-30,Commercial Bank of Ethiopia Mobile,Google Play
malkaamuu Jiidhaa Namoo,5,2025-05-30,Commercial Bank of Ethiopia Mobile,Google Play
lower system everything,3,2025-05-30,Commercial Bank of Ethiopia Mobile,Google Play
Nice!,5,2025-05-30,Commercial Bank of Ethiopia Mobile,Google Play
Keep it up My CBE,5,2025-05-29,Commercial Bank of Ethiopia Mobile,Google Play
yes good,5,2025-05-28,Commercial Bank of Ethiopia Mobile,Google Play
"I was using this app for the last two years with no problems. It stopped working about 3 months ago. when I tried to transfer funds it gives me error ""can't do this transaction. inactive account.""",4,2025-05-27,Commercial Bank of Ethiopia Mobile,Google Play
i like everything of this app,5,2025-05-27,Commercial Bank of Ethiopia Mobile,Google Play
good,5,2025-05-27,Commercial Bank of Ethiopia Mobile,Google Play
ü§¨ü§¨ü§¨ü§¨ network üõú,1,2025-05-26,Commercial Bank of Ethiopia Mobile,Google Play
Best,5,2025-05-26,Commercial Bank of Ethiopia Mobile,Google Play
CBE is the best financial application and and very dimple to use. I would like to say thank you so much for the developer of application. I really appreciate this app.,5,2025-05-26,Commercial Bank of Ethiopia Mobile,Google Play
nice,5,2025-05-26,Commercial Bank of Ethiopia Mobile,Google Play
good job,5,2025-05-26,Commercial Bank of Ethiopia Mobile,Google Play
Good,5,2025-05-25,Commercial Bank of Ethiopia Mobile,Google Play
it's awesome!!,5,2025-05-25,Commercial Bank of Ethiopia Mobile,Google Play
best,5,2025-05-25,Commercial Bank of Ethiopia Mobile,Google Play
thankyou every one,5,2025-05-25,Commercial Bank of Ethiopia Mobile,Google Play
best app,5,2025-05-25,Commercial Bank of Ethiopia Mobile,Google Play
Ronaldo üáµüáπ ü•á,5,2025-05-25,Commercial Bank of Ethiopia Mobile,Google Play
"this app is absolutely fantastic I love it and I enjoying to it ,let us support this foundation together .",5,2025-05-25,Commercial Bank of Ethiopia Mobile,Google Play
"The CBE app has been highly unreliable in recent weeks. It frequently fails to work properly on both Ethio Telecom and Safaricom networks, whether using Wi-Fi or mobile data. This week, the system was down entirely for extended periods, making it very difficult to access banking services. The app only functions intermittently, and the lack of consistency is frustrating. I hope the issues are addressed soon, and that any non-technical influences are removed from such essential services.",2,2025-05-25,Commercial Bank of Ethiopia Mobile,Google Play
mortuary app,5,2025-05-25,Commercial Bank of Ethiopia Mobile,Google Play
it is smart app but it has stoped after some period of time on my device with out any reason .,5,2025-05-25,Commercial Bank of Ethiopia Mobile,Google Play
amazing app I am used this app for one year,4,2025-05-24,Commercial Bank of Ethiopia Mobile,Google Play
üëç,5,2025-05-24,Commercial Bank of Ethiopia Mobile,Google Play
good app,5,2025-05-24,Commercial Bank of Ethiopia Mobile,Google Play
i love it üòçüòò,5,2025-05-24,Commercial Bank of Ethiopia Mobile,Google Play
It makes life easy!üëå,5,2025-05-24,Commercial Bank of Ethiopia Mobile,Google Play
its not fast,1,2025-05-24,Commercial Bank of Ethiopia Mobile,Google Play
wow,4,2025-05-24,Commercial Bank of Ethiopia Mobile,Google Play
it is sooo good,5,2025-05-24,Commercial Bank of Ethiopia Mobile,Google Play
excellent,5,2025-05-24,Commercial Bank of Ethiopia Mobile,Google Play
ok,1,2025-05-24,Commercial Bank of Ethiopia Mobile,Google Play
Fantastic,5,2025-05-23,Commercial Bank of Ethiopia Mobile,Google Play
accessible to using,5,2025-05-23,Commercial Bank of Ethiopia Mobile,Google Play
I like it,4,2025-05-23,Commercial Bank of Ethiopia Mobile,Google Play
good,5,2025-05-23,Commercial Bank of Ethiopia Mobile,Google Play
why you change default network?,5,2025-05-23,Commercial Bank of Ethiopia Mobile,Google Play
very nice üëç,5,2025-05-23,Commercial Bank of Ethiopia Mobile,Google Play
good,5,2025-05-23,Commercial Bank of Ethiopia Mobile,Google Play
nice fast app,5,2025-05-23,Commercial Bank of Ethiopia Mobile,Google Play
good,5,2025-05-23,Commercial Bank of Ethiopia Mobile,Google Play
best,5,2025-05-23,Commercial Bank of Ethiopia Mobile,Google Play
how to I get my money,5,2025-05-23,Commercial Bank of Ethiopia Mobile,Google Play
"Very bad, can't even load they need to improve their services.",1,2025-05-22,Commercial Bank of Ethiopia Mobile,Google Play
"Very good app, but please make it reliable . it crashes sometimes .",4,2025-05-22,Commercial Bank of Ethiopia Mobile,Google Play
very busy I don't know why... I prefer 889,3,2025-05-22,Commercial Bank of Ethiopia Mobile,Google Play
"Sometimes it has a nasty lag for several hour fix that , the rest is üëå",4,2025-05-22,Commercial Bank of Ethiopia Mobile,Google Play
the most boring Mobil banking application in ethiopia.Please use alternative private banks mobile banking apps,1,2025-05-22,Commercial Bank of Ethiopia Mobile,Google Play
hojii bonsaadha,5,2025-05-22,Commercial Bank of Ethiopia Mobile,Google Play
ok,5,2025-05-22,Commercial Bank of Ethiopia Mobile,Google Play
ok,5,2025-05-22,Commercial Bank of Ethiopia Mobile,Google Play
user-friendly apps.because this app is easy.,5,2025-05-22,Commercial Bank of Ethiopia Mobile,Google Play
Awosome!!!,5,2025-05-22,Commercial Bank of Ethiopia Mobile,Google Play
"Very good app,",5,2025-05-22,Commercial Bank of Ethiopia Mobile,Google Play
sync problem may 22 2025 but the date stack on may 8 2025 help pls,5,2025-05-22,Commercial Bank of Ethiopia Mobile,Google Play
·ã≠·àÖ ·àò·â∞·åç·â†·à™·ã´ ·â†·å£·àù ·å•·à© ·äê·ãç. this app is very nice,5,2025-05-22,Commercial Bank of Ethiopia Mobile,Google Play
I hate this app üòí,1,2025-05-22,Commercial Bank of Ethiopia Mobile,Google Play
trustful,5,2025-05-22,Commercial Bank of Ethiopia Mobile,Google Play
I like,5,2025-05-22,Commercial Bank of Ethiopia Mobile,Google Play
update issue,4,2025-05-22,Commercial Bank of Ethiopia Mobile,Google Play
its not working over safari network,1,2025-05-22,Commercial Bank of Ethiopia Mobile,Google Play
oldie,1,2025-05-22,Commercial Bank of Ethiopia Mobile,Google Play
it doesn't work,1,2025-05-21,Commercial Bank of Ethiopia Mobile,Google Play
best,5,2025-05-21,Commercial Bank of Ethiopia Mobile,Google Play
"This app is good, and we are using it well",1,2025-05-21,Commercial Bank of Ethiopia Mobile,Google Play
ok,5,2025-05-21,Commercial Bank of Ethiopia Mobile,Google Play
best app,5,2025-05-21,Commercial Bank of Ethiopia Mobile,Google Play
best,5,2025-05-21,Commercial Bank of Ethiopia Mobile,Google Play
very nice üëå app for android phone,5,2025-05-21,Commercial Bank of Ethiopia Mobile,Google Play
good app,5,2025-05-21,Commercial Bank of Ethiopia Mobile,Google Play
Yes Yes,5,2025-05-21,Commercial Bank of Ethiopia Mobile,Google Play
·â†·å£·àù ·ä®·à≠·çã·çã,1,2025-05-21,Commercial Bank of Ethiopia Mobile,Google Play
easy to use helpful in my life,5,2025-05-21,Commercial Bank of Ethiopia Mobile,Google Play
good üëç,4,2025-05-21,Commercial Bank of Ethiopia Mobile,Google Play
the best mobile banking app,5,2025-05-21,Commercial Bank of Ethiopia Mobile,Google Play
"this app is very useful app,it saves time,and it is secure",4,2025-05-21,Commercial Bank of Ethiopia Mobile,Google Play
ok,2,2025-05-21,Commercial Bank of Ethiopia Mobile,Google Play
it's a good application üëç,5,2025-05-21,Commercial Bank of Ethiopia Mobile,Google Play
the screenshot and the reffresh options are so annoying that makes transaction so delaying activity !,2,2025-05-21,Commercial Bank of Ethiopia Mobile,Google Play
poor service,1,2025-05-21,Commercial Bank of Ethiopia Mobile,Google Play
amazing,5,2025-05-20,Commercial Bank of Ethiopia Mobile,Google Play
it is reliable and easy to use.,5,2025-05-20,Commercial Bank of Ethiopia Mobile,Google Play
the most annoying mobile banking app I've ever seen,1,2025-05-20,Commercial Bank of Ethiopia Mobile,Google Play
Eliasmels,5,2025-05-20,Commercial Bank of Ethiopia Mobile,Google Play
Cbe mobile banking,5,2025-05-20,Commercial Bank of Ethiopia Mobile,Google Play
"i can't make Screenshout in this app, please made modification",5,2025-05-20,Commercial Bank of Ethiopia Mobile,Google Play
Best app I loved it,5,2025-05-19,Commercial Bank of Ethiopia Mobile,Google Play
nice app,5,2025-05-19,Commercial Bank of Ethiopia Mobile,Google Play
wow,5,2025-05-18,Commercial Bank of Ethiopia Mobile,Google Play
Amazing applicatiom sometimes doesnt work!,5,2025-05-18,Commercial Bank of Ethiopia Mobile,Google Play
well satisfied with this beautiful app,5,2025-05-18,Commercial Bank of Ethiopia Mobile,Google Play
very good,4,2025-05-17,Commercial Bank of Ethiopia Mobile,Google Play
best app.,5,2025-05-17,Commercial Bank of Ethiopia Mobile,Google Play
good,5,2025-05-17,Commercial Bank of Ethiopia Mobile,Google Play
"not working,why???",5,2025-05-17,Commercial Bank of Ethiopia Mobile,Google Play
Great impact but why Developer option turnoff if you fix üôè üôè üôè,5,2025-05-17,Commercial Bank of Ethiopia Mobile,Google Play
excellent,5,2025-05-17,Commercial Bank of Ethiopia Mobile,Google Play
always disappointing ! especially the iOS one !! some similar local applications are extremely superior to this application!! Really disappointing!,1,2025-05-17,Commercial Bank of Ethiopia Mobile,Google Play
woxe harimo ribiso,5,2025-05-17,Commercial Bank of Ethiopia Mobile,Google Play
good,5,2025-05-16,Commercial Bank of Ethiopia Mobile,Google Play
"Good ,easy to use",5,2025-05-16,Commercial Bank of Ethiopia Mobile,Google Play
Good app,5,2025-05-15,Commercial Bank of Ethiopia Mobile,Google Play
Good jobüëç,5,2025-05-14,Commercial Bank of Ethiopia Mobile,Google Play
good,5,2025-05-14,Commercial Bank of Ethiopia Mobile,Google Play
nice,5,2025-05-14,Commercial Bank of Ethiopia Mobile,Google Play
"Please kindly ask to update the app and allow us to screenshot, it's convenient and efficient as long as you add security to the access there is no reason to block us from screenshooting our screen.",2,2025-05-14,Commercial Bank of Ethiopia Mobile,Google Play
I have using the CBE mobile banking app. and overall i appreciate its Feuteres However i.ve Notticed that when i turn on the Developer options on my divice the App.Stop Functioning prorerly It.Would Be Great If You could look into This issue as l often need to access Developer setting for Otter Application ThankYou For Your attention to This Matter,4,2025-05-13,Commercial Bank of Ethiopia Mobile,Google Play
customer service is bad nothing is good about this bank,1,2025-05-13,Commercial Bank of Ethiopia Mobile,Google Play
It is Amazing Mobile Banking App....But why the screenshot of the receipt doesnt work,5,2025-05-13,Commercial Bank of Ethiopia Mobile,Google Play
fast and simple easy to use üëå,5,2025-05-12,Commercial Bank of Ethiopia Mobile,Google Play
The fastest transferring app I ever had its so reliable,5,2025-05-11,Commercial Bank of Ethiopia Mobile,Google Play
"Funds transferred from the same bank do not reflect in the account, even though a confirmation text message was received.",3,2025-05-11,Commercial Bank of Ethiopia Mobile,Google Play
it's easy and fast,5,2025-05-10,Commercial Bank of Ethiopia Mobile,Google Play
This app don't have self activation only you have to look near cbe branch that's disgusting,1,2025-05-10,Commercial Bank of Ethiopia Mobile,Google Play
hello dearest CBE office personnel make some benefits for those using interest free accounts thanks for your help,5,2025-05-09,Commercial Bank of Ethiopia Mobile,Google Play
wow best application ever,5,2025-05-09,Commercial Bank of Ethiopia Mobile,Google Play
good,5,2025-05-09,Commercial Bank of Ethiopia Mobile,Google Play
"Am sorry but what does developer mode do to the application ? hack it ? are you sure you are developer or are you stupid, doesnt makes sense,",1,2025-05-08,Commercial Bank of Ethiopia Mobile,Google Play
Best,4,2025-05-08,Commercial Bank of Ethiopia Mobile,Google Play
the pride of Ethiopian bank üè¶,5,2025-05-08,Commercial Bank of Ethiopia Mobile,Google Play
why the app telling me to turn of developer options please fix it.,1,2025-05-07,Commercial Bank of Ethiopia Mobile,Google Play
good,5,2025-05-07,Commercial Bank of Ethiopia Mobile,Google Play
ok,5,2025-05-07,Commercial Bank of Ethiopia Mobile,Google Play
i am very happy . i have small prob. after i transfer i cant put the transfer cashe bil to my dic.,5,2025-05-07,Commercial Bank of Ethiopia Mobile,Google Play
ok,5,2025-05-07,Commercial Bank of Ethiopia Mobile,Google Play
good,3,2025-05-06,Commercial Bank of Ethiopia Mobile,Google Play
amazing apps,5,2025-05-06,Commercial Bank of Ethiopia Mobile,Google Play
All service of Mobile Banking,5,2025-05-06,Commercial Bank of Ethiopia Mobile,Google Play
needs improvement,1,2025-05-06,Commercial Bank of Ethiopia Mobile,Google Play
i miss the old one i couldn't send my mony to other bank..,1,2025-05-06,Commercial Bank of Ethiopia Mobile,Google Play
the app is recently crushing each time you open and try to make transfers...it used to be good. take lessons from the Dashen Super app or ethiotelecom. it is not befitting of your experience and glory. inv3st in making it more friendly and convenient. I am considering leaving CBE for good.,2,2025-05-06,Commercial Bank of Ethiopia Mobile,Google Play
good,5,2025-05-06,Commercial Bank of Ethiopia Mobile,Google Play
good but these week not oky,4,2025-05-06,Commercial Bank of Ethiopia Mobile,Google Play
well designed! Fixing bugs & two step verification with biometric... simply it's great!,5,2025-05-06,Commercial Bank of Ethiopia Mobile,Google Play
Good app,5,2025-05-06,Commercial Bank of Ethiopia Mobile,Google Play
If any developer is reading this please fix the screenshot functionality or at least the download button should work flawlessly without me touching it twenty times.,1,2025-05-05,Commercial Bank of Ethiopia Mobile,Google Play
"it's a great job.but one more thing, it hasn't been placed for transfer to other banks on face like mobile charge card place",5,2025-05-05,Commercial Bank of Ethiopia Mobile,Google Play
CBE mobilr bankg,5,2025-05-05,Commercial Bank of Ethiopia Mobile,Google Play
wow,1,2025-05-05,Commercial Bank of Ethiopia Mobile,Google Play
verygood,3,2025-05-05,Commercial Bank of Ethiopia Mobile,Google Play
ŸÖŸÖÿ™ÿßÿ≤ ÿ¨ÿØÿß,5,2025-05-04,Commercial Bank of Ethiopia Mobile,Google Play
it's very low quality application,1,2025-05-04,Commercial Bank of Ethiopia Mobile,Google Play
Very Amazing Apps,5,2025-05-04,Commercial Bank of Ethiopia Mobile,Google Play
·ä†·ãõ,1,2025-05-04,Commercial Bank of Ethiopia Mobile,Google Play
wow simple life,5,2025-05-04,Commercial Bank of Ethiopia Mobile,Google Play
it's nice,5,2025-05-03,Commercial Bank of Ethiopia Mobile,Google Play
Why stacked sometimes,5,2025-05-03,Commercial Bank of Ethiopia Mobile,Google Play
good app,5,2025-05-03,Commercial Bank of Ethiopia Mobile,Google Play
nice,5,2025-05-03,Commercial Bank of Ethiopia Mobile,Google Play
okay üëç but sometimes busy,1,2025-05-03,Commercial Bank of Ethiopia Mobile,Google Play
the worst commercial company that fails to do even the most normal things again and and again.,1,2025-05-03,Commercial Bank of Ethiopia Mobile,Google Play
nice,5,2025-05-03,Commercial Bank of Ethiopia Mobile,Google Play
Very good app. but disappointed by general cessation of system.,5,2025-05-02,Commercial Bank of Ethiopia Mobile,Google Play
excellent,5,2025-05-02,Commercial Bank of Ethiopia Mobile,Google Play
good,5,2025-05-02,Commercial Bank of Ethiopia Mobile,Google Play
good,5,2025-05-02,Commercial Bank of Ethiopia Mobile,Google Play
Good and fast,5,2025-05-02,Commercial Bank of Ethiopia Mobile,Google Play
Unreliable!,1,2025-05-02,Commercial Bank of Ethiopia Mobile,Google Play
Best the best fast,5,2025-05-02,Commercial Bank of Ethiopia Mobile,Google Play
good app,5,2025-05-02,Commercial Bank of Ethiopia Mobile,Google Play
happy,5,2025-05-02,Commercial Bank of Ethiopia Mobile,Google Play
fast and reliable,5,2025-05-02,Commercial Bank of Ethiopia Mobile,Google Play
network errorrrrrr,2,2025-05-02,Commercial Bank of Ethiopia Mobile,Google Play
Best app but there is some problem I can't send money to telebirr or mpesa so if you can add that it could be use full,4,2025-05-02,Commercial Bank of Ethiopia Mobile,Google Play
its good and simple to use,5,2025-05-02,Commercial Bank of Ethiopia Mobile,Google Play
worest app like that bank for security and network access,1,2025-05-02,Commercial Bank of Ethiopia Mobile,Google Play
it's the best app i,5,2025-05-02,Commercial Bank of Ethiopia Mobile,Google Play
not bad not good,1,2025-05-02,Commercial Bank of Ethiopia Mobile,Google Play
its very nice,5,2025-05-02,Commercial Bank of Ethiopia Mobile,Google Play
do not work this week,3,2025-04-30,Commercial Bank of Ethiopia Mobile,Google Play
It crashes frequently,4,2025-04-30,Commercial Bank of Ethiopia Mobile,Google Play
the best,5,2025-04-28,Commercial Bank of Ethiopia Mobile,Google Play
"I can simply describe this app as ""Making all your work easier"".",5,2025-04-28,Commercial Bank of Ethiopia Mobile,Google Play
goid,5,2025-04-28,Commercial Bank of Ethiopia Mobile,Google Play
best appearance,5,2025-04-27,Commercial Bank of Ethiopia Mobile,Google Play
it's very good üëç app,5,2025-04-27,Commercial Bank of Ethiopia Mobile,Google Play
abinet kutafo,1,2025-04-27,Commercial Bank of Ethiopia Mobile,Google Play
I need support you,5,2025-04-27,Commercial Bank of Ethiopia Mobile,Google Play
the worst Mobile banking i have ever seen in my life,1,2025-04-26,Commercial Bank of Ethiopia Mobile,Google Play
Nuree mahamud,5,2025-04-26,Commercial Bank of Ethiopia Mobile,Google Play
super,5,2025-04-26,Commercial Bank of Ethiopia Mobile,Google Play
·å†·åÄ·å®·åà·åÄ·ç¢·åÄ·åà,5,2025-04-26,Commercial Bank of Ethiopia Mobile,Google Play
i like the app,5,2025-04-26,Commercial Bank of Ethiopia Mobile,Google Play
the Best,1,2025-04-26,Commercial Bank of Ethiopia Mobile,Google Play
nice,5,2025-04-26,Commercial Bank of Ethiopia Mobile,Google Play
good,5,2025-04-26,Commercial Bank of Ethiopia Mobile,Google Play
good,5,2025-04-25,Commercial Bank of Ethiopia Mobile,Google Play
to other bank is bad,1,2025-04-25,Commercial Bank of Ethiopia Mobile,Google Play
tank's,5,2025-04-25,Commercial Bank of Ethiopia Mobile,Google Play
its good but add more features such like. bank statement showing,5,2025-04-24,Commercial Bank of Ethiopia Mobile,Google Play
it is so nice,5,2025-04-24,Commercial Bank of Ethiopia Mobile,Google Play
good,5,2025-04-21,Commercial Bank of Ethiopia Mobile,Google Play
Very Goodüëç,5,2025-04-21,Commercial Bank of Ethiopia Mobile,Google Play
"my first frequent experience of cbe app is critical-time failure such as suspending payment on air for 2-5 days with zero explanation, deducting from sender account without depositing to the receiver act. Another fatal error by the banking company as a whole (not the app itself though) is forced-banking with corporations without consent of employers-users of the corresponding corporations",2,2025-04-21,Commercial Bank of Ethiopia Mobile,Google Play
"wow, amazing app",5,2025-04-21,Commercial Bank of Ethiopia Mobile,Google Play
use ful,5,2025-04-21,Commercial Bank of Ethiopia Mobile,Google Play
Great app,5,2025-04-21,Commercial Bank of Ethiopia Mobile,Google Play
well app,5,2025-04-20,Commercial Bank of Ethiopia Mobile,Google Play
Actually it is inactive,4,2025-04-19,Commercial Bank of Ethiopia Mobile,Google Play
good,4,2025-04-19,Commercial Bank of Ethiopia Mobile,Google Play
ok,2,2025-04-19,Commercial Bank of Ethiopia Mobile,Google Play
best app,5,2025-04-19,Commercial Bank of Ethiopia Mobile,Google Play
amazing,1,2025-04-19,Commercial Bank of Ethiopia Mobile,Google Play
good,5,2025-04-19,Commercial Bank of Ethiopia Mobile,Google Play
I like,5,2025-04-19,Commercial Bank of Ethiopia Mobile,Google Play
"slow, only one account is used",2,2025-04-19,Commercial Bank of Ethiopia Mobile,Google Play
ok,5,2025-04-19,Commercial Bank of Ethiopia Mobile,Google Play
always CBE is the leading Commercial Banküí™üí™üí™,5,2025-04-18,Commercial Bank of Ethiopia Mobile,Google Play
i like it,5,2025-04-18,Commercial Bank of Ethiopia Mobile,Google Play
why removing screenshot feature why?,1,2025-04-18,Commercial Bank of Ethiopia Mobile,Google Play
nice apps where network is good in connection,5,2025-04-18,Commercial Bank of Ethiopia Mobile,Google Play
Thank you!!!,5,2025-04-18,Commercial Bank of Ethiopia Mobile,Google Play
i can't take screenshot,1,2025-04-18,Commercial Bank of Ethiopia Mobile,Google Play
"every update was made the system better and better until the March 19th, 2025 update, not allowing us to screenshot. you guys didn't understand how much it's a really quick and significant thing. You add extra steps to us, which makes the process draw back",3,2025-04-18,Commercial Bank of Ethiopia Mobile,Google Play
perfectly special,5,2025-04-18,Commercial Bank of Ethiopia Mobile,Google Play
Fast and Reliable,5,2025-04-18,Commercial Bank of Ethiopia Mobile,Google Play
good,5,2025-04-17,Commercial Bank of Ethiopia Mobile,Google Play
The best application I have ever seen in Ethiopia banking industry.,5,2025-04-17,Commercial Bank of Ethiopia Mobile,Google Play
great app!!!,5,2025-04-17,Commercial Bank of Ethiopia Mobile,Google Play
because sometimes it doesn't working it load too much,3,2025-04-17,Commercial Bank of Ethiopia Mobile,Google Play
"Absolutely the best app! It works flawlessly, anytime and anywhere.",5,2025-04-17,Commercial Bank of Ethiopia Mobile,Google Play
ok,3,2025-04-16,Commercial Bank of Ethiopia Mobile,Google Play
very nice app ever!!!,5,2025-04-16,Commercial Bank of Ethiopia Mobile,Google Play
the best app,5,2025-04-16,Commercial Bank of Ethiopia Mobile,Google Play
Biometric security for mobile banking is not available,5,2025-04-16,Commercial Bank of Ethiopia Mobile,Google Play
great,5,2025-04-15,Commercial Bank of Ethiopia Mobile,Google Play
Nice service,5,2025-04-15,Commercial Bank of Ethiopia Mobile,Google Play
great app,5,2025-04-15,Commercial Bank of Ethiopia Mobile,Google Play
it's special apps,5,2025-04-15,Commercial Bank of Ethiopia Mobile,Google Play
"In the updated version of the app, it takes more time to download the receipt.",3,2025-04-15,Commercial Bank of Ethiopia Mobile,Google Play
·àà·àù·äï·ãµ·äê·ãç ·âµ·à´·äï·ãõ·ä≠·àΩ·äï ·âµ·äï·àΩ ·â•·âª ·ã®·àö·ã´·à≥·ã®·ãç ?,3,2025-04-14,Commercial Bank of Ethiopia Mobile,Google Play
Good üî•,5,2025-04-14,Commercial Bank of Ethiopia Mobile,Google Play
very interesting app i am using every day fantastic,5,2025-04-14,Commercial Bank of Ethiopia Mobile,Google Play
lebaa bank,5,2025-04-14,Commercial Bank of Ethiopia Mobile,Google Play
Can't scan/recognize other banks' Interoperable QR Codes,1,2025-04-13,Commercial Bank of Ethiopia Mobile,Google Play
OK,5,2025-04-13,Commercial Bank of Ethiopia Mobile,Google Play
grateful app,5,2025-04-13,Commercial Bank of Ethiopia Mobile,Google Play
100% ‚ù§Ô∏è‚ù§Ô∏è‚ù§Ô∏èüôèüôèüôèüôèüôèüôèüôèüôèüôèüôèüôèüôèüôèüôèüôèüôè,5,2025-04-13,Commercial Bank of Ethiopia Mobile,Google Play
everthing wellbeok,3,2025-04-13,Commercial Bank of Ethiopia Mobile,Google Play
"""This mobile banking app is fast and user-friendly, but the only issue I encountered is that I can't access my bank statement within the app. I kindly request that this feature be added, similar to what is offered by other private bank mobile banking apps.",4,2025-04-13,Commercial Bank of Ethiopia Mobile,Google Play
nice app üëå,5,2025-04-12,Commercial Bank of Ethiopia Mobile,Google Play
why did this app is not screenshot,5,2025-04-12,Commercial Bank of Ethiopia Mobile,Google Play
it so good app,5,2025-04-12,Commercial Bank of Ethiopia Mobile,Google Play
the best app,3,2025-04-12,Commercial Bank of Ethiopia Mobile,Google Play
ÿ¨ŸÖŸäŸÑ,5,2025-04-11,Commercial Bank of Ethiopia Mobile,Google Play
"less network, specially to make fee for utility purpose",1,2025-04-11,Commercial Bank of Ethiopia Mobile,Google Play
nice,5,2025-04-11,Commercial Bank of Ethiopia Mobile,Google Play
simply for used,4,2025-04-11,Commercial Bank of Ethiopia Mobile,Google Play
wow keep up,5,2025-04-10,Commercial Bank of Ethiopia Mobile,Google Play
its great app but when updating we can't take screen shot please try to fix it,3,2025-04-10,Commercial Bank of Ethiopia Mobile,Google Play
good one,5,2025-04-10,Commercial Bank of Ethiopia Mobile,Google Play
best app.,5,2025-04-10,Commercial Bank of Ethiopia Mobile,Google Play
everything is easy thank you cebe,5,2025-04-10,Commercial Bank of Ethiopia Mobile,Google Play
·çà·å£·äï ·âÄ·àç·å£·çã,5,2025-04-10,Commercial Bank of Ethiopia Mobile,Google Play
good,5,2025-04-10,Commercial Bank of Ethiopia Mobile,Google Play
ok,5,2025-04-10,Commercial Bank of Ethiopia Mobile,Google Play
·åé·â†·ãù,5,2025-04-09,Commercial Bank of Ethiopia Mobile,Google Play
good app,5,2025-04-09,Commercial Bank of Ethiopia Mobile,Google Play
but this app says can't sync,5,2025-04-09,Commercial Bank of Ethiopia Mobile,Google Play
waw,5,2025-04-09,Commercial Bank of Ethiopia Mobile,Google Play
to slow,3,2025-04-09,Commercial Bank of Ethiopia Mobile,Google Play
work on screen shot system,4,2025-04-08,Commercial Bank of Ethiopia Mobile,Google Play
very very nice aplication,1,2025-04-08,Commercial Bank of Ethiopia Mobile,Google Play
Good,5,2025-04-08,Commercial Bank of Ethiopia Mobile,Google Play
wonder full and it is easy to use,5,2025-04-08,Commercial Bank of Ethiopia Mobile,Google Play
easy and reliable,2,2025-04-08,Commercial Bank of Ethiopia Mobile,Google Play
good,5,2025-04-08,Commercial Bank of Ethiopia Mobile,Google Play
it is Very Useful app üëç,5,2025-04-07,Commercial Bank of Ethiopia Mobile,Google Play
very good,5,2025-04-07,Commercial Bank of Ethiopia Mobile,Google Play
perfect app,5,2025-04-07,Commercial Bank of Ethiopia Mobile,Google Play
I like it.,5,2025-04-07,Commercial Bank of Ethiopia Mobile,Google Play
bugs,3,2025-04-07,Commercial Bank of Ethiopia Mobile,Google Play
commerial Bank,5,2025-04-06,Commercial Bank of Ethiopia Mobile,Google Play
Genat biru,2,2025-04-06,Commercial Bank of Ethiopia Mobile,Google Play
üôè,5,2025-04-06,Commercial Bank of Ethiopia Mobile,Google Play
it is good but it doesn't allow screen shot,4,2025-04-06,Commercial Bank of Ethiopia Mobile,Google Play
the best one,5,2025-04-06,Commercial Bank of Ethiopia Mobile,Google Play
You need to copy many things from other bank apps like Amole(Dashen),2,2025-04-06,Commercial Bank of Ethiopia Mobile,Google Play
bring back the screenshot feature.,1,2025-04-05,Commercial Bank of Ethiopia Mobile,Google Play
Good!üëç,3,2025-04-05,Commercial Bank of Ethiopia Mobile,Google Play
best app to experience him that to smooth transaction among the customers,1,2025-04-05,Commercial Bank of Ethiopia Mobile,Google Play
good,5,2025-04-05,Commercial Bank of Ethiopia Mobile,Google Play
nice app suitable to use it. the only weak side is it need data connections and hoping will be fixed to offline i gave 4 rate,4,2025-04-05,Commercial Bank of Ethiopia Mobile,Google Play
easy to use,5,2025-04-05,Commercial Bank of Ethiopia Mobile,Google Play
"Good job to the CBE team on this mobile app! It's designed in a way that's simple and intuitive to navigate, which is great for everyone. It effectively handles the essential banking tasks I need to perform regularly. It's a practical and reliable tool that makes everyday banking much more convenient. Thank you for this useful application.",5,2025-04-04,Commercial Bank of Ethiopia Mobile,Google Play
·àà·äî ·â†·å£·àù ·àù·à≠·å• ·äê·ãç ·åç·äï screenshot ·àõ·à®·åç ·â¢·âª·àç ·àù·à≠·å• ·äê·â†·à≠,5,2025-04-04,Commercial Bank of Ethiopia Mobile,Google Play
before it was smooth and good. this time after the new update in 2025 i can not make screenshot of my recite. even the downlod button is very delayed in putting my recite in my gallery for simple proof. please fix this i am unable to show proof of payment to my clients. thankyou.,3,2025-04-04,Commercial Bank of Ethiopia Mobile,Google Play
cool ‚ù§,4,2025-04-04,Commercial Bank of Ethiopia Mobile,Google Play
Best app,5,2025-04-04,Commercial Bank of Ethiopia Mobile,Google Play
great app,5,2025-04-03,Commercial Bank of Ethiopia Mobile,Google Play
best banking App,4,2025-04-03,Commercial Bank of Ethiopia Mobile,Google Play
satisfied,5,2025-04-03,Commercial Bank of Ethiopia Mobile,Google Play
this app is very necessary app many people found it,5,2025-04-03,Commercial Bank of Ethiopia Mobile,Google Play
cbe very active Bank I'm using CBE app very very satisfaction,5,2025-04-03,Commercial Bank of Ethiopia Mobile,Google Play
It made life alot easier. I cant even imagine having to make all those transactions in person. So this app was crucial for me. Very good app. well done.,5,2025-04-03,Commercial Bank of Ethiopia Mobile,Google Play
excellent,5,2025-04-03,Commercial Bank of Ethiopia Mobile,Google Play
perfect,5,2025-04-03,Commercial Bank of Ethiopia Mobile,Google Play
thankyou,5,2025-04-02,Commercial Bank of Ethiopia Mobile,Google Play
I Like it,5,2025-04-02,Commercial Bank of Ethiopia Mobile,Google Play
ok,5,2025-04-02,Commercial Bank of Ethiopia Mobile,Google Play
"I don't understand the reason, why I need to disable developer options to access the app, it has no security risks nor does it hinder the app's functionalities. This goes out to the dev, I hope your life is filled with inconveniences.",1,2025-04-02,Commercial Bank of Ethiopia Mobile,Google Play
smart app,5,2025-04-02,Commercial Bank of Ethiopia Mobile,Google Play
isin ga'a,2,2025-04-02,Commercial Bank of Ethiopia Mobile,Google Play
easy to use,5,2025-04-02,Commercial Bank of Ethiopia Mobile,Google Play
it's great,5,2025-04-02,Commercial Bank of Ethiopia Mobile,Google Play
very good app and stars faction with work,5,2025-04-02,Commercial Bank of Ethiopia Mobile,Google Play
It is excelent,5,2025-04-01,Commercial Bank of Ethiopia Mobile,Google Play
Smart,5,2025-04-01,Commercial Bank of Ethiopia Mobile,Google Play
·â†·ã®·ãà·à© ·ä†·çï·ã∞·âµ ·ä•·ã®·å†·ã®·âÄ·äù ·äê·ãç ·àà·äê·åà·à© ·â•·à≠ ·àµ·àå·àà·äù ·ã≠·àÜ·äì·àç ·ä•·äì ·àù·äï ·àà·àõ·àà·âµ ·çà·àç·åà ·àò·à∞·àã·âπ ·ãà·àã·àÖ ·âº·åç·àÆ·äõ·àç ü•∫ü•∫ü•∫,3,2025-04-01,Commercial Bank of Ethiopia Mobile,Google Play
very interesting app,5,2025-04-01,Commercial Bank of Ethiopia Mobile,Google Play
i like it,5,2025-04-01,Commercial Bank of Ethiopia Mobile,Google Play
wow.......cbe.....keep it up.....!!!!!!,5,2025-04-01,Commercial Bank of Ethiopia Mobile,Google Play
·åä·ãú·äï ·âÜ·å£·â¢ ·ä•·äì ·àÖ·ã≠·ãà·âµ·äï ·âÄ·àà·àç ·ä®·àö·ã´·ã∞·à≠·åâ ·ä¢·âµ·ã¨·å≤·ã´ ·ä´·àâ ·çã·ã≠·äì·äï·àµ ·ä†·çï·àç·ä¨·àΩ·äñ·âΩ ·àÅ·àâ ·ã≠·àÑ ·ã≠·àà·ã´·àç,5,2025-04-01,Commercial Bank of Ethiopia Mobile,Google Play
Excellentüôèapp,5,2025-04-01,Commercial Bank of Ethiopia Mobile,Google Play
the most useful,5,2025-04-01,Commercial Bank of Ethiopia Mobile,Google Play
I am more satisfied in this app . More sure you have to secure.,4,2025-04-01,Commercial Bank of Ethiopia Mobile,Google Play
Easy to use,5,2025-04-01,Commercial Bank of Ethiopia Mobile,Google Play
"very good, but sometimes NUR CBE comes without my consent. even if I choose locked, it appears",4,2025-04-01,Commercial Bank of Ethiopia Mobile,Google Play
Excellent !!!,5,2025-04-01,Commercial Bank of Ethiopia Mobile,Google Play
always we relay on,5,2025-04-01,Commercial Bank of Ethiopia Mobile,Google Play
I'm lucky to have thisüôè thank you CBE.,5,2025-04-01,Commercial Bank of Ethiopia Mobile,Google Play
it's need more improvement like Tellbirr.,4,2025-04-01,Commercial Bank of Ethiopia Mobile,Google Play
goode app,5,2025-04-01,Commercial Bank of Ethiopia Mobile,Google Play
a very nice app.üëçüëçüëç,5,2025-04-01,Commercial Bank of Ethiopia Mobile,Google Play
safe easy & fast,5,2025-04-01,Commercial Bank of Ethiopia Mobile,Google Play
perfect,5,2025-04-01,Commercial Bank of Ethiopia Mobile,Google Play
it's good app,5,2025-04-01,Commercial Bank of Ethiopia Mobile,Google Play
nice,5,2025-04-01,Commercial Bank of Ethiopia Mobile,Google Play
good app,5,2025-04-01,Commercial Bank of Ethiopia Mobile,Google Play
It is veary useful app but screen shout was impossible .solve this problem,5,2025-04-01,Commercial Bank of Ethiopia Mobile,Google Play
·å•·à© ·äê·ãç,5,2025-04-01,Commercial Bank of Ethiopia Mobile,Google Play
·ä•·åÖ·åç ·â†·å£·àù ·å•·à© ·ä†·çï,5,2025-04-01,Commercial Bank of Ethiopia Mobile,Google Play
good,5,2025-04-01,Commercial Bank of Ethiopia Mobile,Google Play
·â†·å£·àù ·àÉ·à™·çç ·äê·ãç ·åç·äï ·â•·à≠ ·â†·àö·â∞·àã·àà·çç·â†·âµ ·ãà·âÖ·âµ ·â∞·âÄ·äï·à∑·àç ·ã≠·àã·àç ·ä•·àã·çä ·àò·àç·ä≠·â± ·ã≠·ã∞·à≠·à≥·àç ·åç·äï ·ä†·ã≠·âÄ·äï·àµ·àù,5,2025-04-01,Commercial Bank of Ethiopia Mobile,Google Play
suitable app,4,2025-04-01,Commercial Bank of Ethiopia Mobile,Google Play
Dear cbe this app is not comparable with 21century and pls try to solve it.üíÄüíÄüíÄ,1,2025-04-01,Commercial Bank of Ethiopia Mobile,Google Play
Good,5,2025-04-01,Commercial Bank of Ethiopia Mobile,Google Play
nice app,5,2025-04-01,Commercial Bank of Ethiopia Mobile,Google Play
best transaction method of financial,5,2025-04-01,Commercial Bank of Ethiopia Mobile,Google Play
#CBE is Now going to on the right Pathway/track/!! Thank you CBE one step ahead on payment platform app!!,5,2025-04-01,Commercial Bank of Ethiopia Mobile,Google Play
It literarily don't work at all,4,2025-04-01,Commercial Bank of Ethiopia Mobile,Google Play
good give us plus,5,2025-04-01,Commercial Bank of Ethiopia Mobile,Google Play
"Very good application. However, I have one functionality recommendation. What if you let the app transfer money to any telebirr account as for MPESA? By the way, I am not the only one to ask this. Thank you!",4,2025-04-01,Commercial Bank of Ethiopia Mobile,Google Play
before update it was able to screenshot while after update I can't able to screenshot the transfere details,4,2025-04-01,Commercial Bank of Ethiopia Mobile,Google Play
Tnc Cbe,5,2025-04-01,Commercial Bank of Ethiopia Mobile,Google Play
it is good app. But you have integrate cbe with cbe birr. to allow cardless withdrawal directly from our accout!,4,2025-03-31,Commercial Bank of Ethiopia Mobile,Google Play
great apps,5,2025-03-31,Commercial Bank of Ethiopia Mobile,Google Play
Excellent,5,2025-03-31,Commercial Bank of Ethiopia Mobile,Google Play
Great app!,4,2025-03-31,Commercial Bank of Ethiopia Mobile,Google Play
nice,5,2025-03-31,Commercial Bank of Ethiopia Mobile,Google Play
CBE,5,2025-03-31,Commercial Bank of Ethiopia Mobile,Google Play
very good üëç üëè,5,2025-03-31,Commercial Bank of Ethiopia Mobile,Google Play
great when it works,5,2025-03-31,Commercial Bank of Ethiopia Mobile,Google Play
"the app is very good, but why screenshots is impossible?",5,2025-03-31,Commercial Bank of Ethiopia Mobile,Google Play
excellent match application,5,2025-03-31,Commercial Bank of Ethiopia Mobile,Google Play
very good,5,2025-03-31,Commercial Bank of Ethiopia Mobile,Google Play
best app,5,2025-03-31,Commercial Bank of Ethiopia Mobile,Google Play
The Best appüòçüòçüòç,5,2025-03-31,Commercial Bank of Ethiopia Mobile,Google Play
excellent app,5,2025-03-31,Commercial Bank of Ethiopia Mobile,Google Play
easy to use and user friendly,5,2025-03-31,Commercial Bank of Ethiopia Mobile,Google Play
good,5,2025-03-31,Commercial Bank of Ethiopia Mobile,Google Play
very nice,5,2025-03-31,Commercial Bank of Ethiopia Mobile,Google Play
·ä†·à™·çç ·äê·ãç ·â†·â∞·àà·ã≠ ·ã®·ä†·àª·à´ ·ã∞·àÖ·äê·â± ·àò·à®·åã·åà·å° ·â∞·àò·âΩ·â∂·äõ·àç,3,2025-03-31,Commercial Bank of Ethiopia Mobile,Google Play
well software,5,2025-03-31,Commercial Bank of Ethiopia Mobile,Google Play
·å•·à© ·äê·ãç ·ä†·äï·ã≥·äï·ã¥ ·àµ·â≥·ä≠ ·â¢·ã´·ã∞·à≠·åç·àù,4,2025-03-31,Commercial Bank of Ethiopia Mobile,Google Play
CBE very good apps,5,2025-03-31,Commercial Bank of Ethiopia Mobile,Google Play
"This application fast, secure and more convenient. Thanks CBE",5,2025-03-31,Commercial Bank of Ethiopia Mobile,Google Play
best app,5,2025-03-31,Commercial Bank of Ethiopia Mobile,Google Play
