review_text,rating,date,bank_name,source,sentiment
the app is proactive and a good connections.,5,2025-06-05,Commercial Bank of Ethiopia Mobile,Google Play,POSITIVE
I cannot send to cbebirr app. through this app.,3,2025-06-05,Commercial Bank of Ethiopia Mobile,Google Play,NEGATIVE
good,4,2025-06-05,Commercial Bank of Ethiopia Mobile,Google Play,POSITIVE
not functional,1,2025-06-05,Commercial Bank of Ethiopia Mobile,Google Play,NEGATIVE
"everytime you uninstall the app you have to reach them out physically. very oldy! if that's one of security layer, they'd check for fraud attempt via app source directly(source:- app store, play store ... etc) implicitly ! we are in 2025, physical presence for every app install is traditional(traditionally very rare).",1,2025-06-04,Commercial Bank of Ethiopia Mobile,Google Play,NEGATIVE
·ä†·ä´·ãç·äï·âµ ·ã®·àù·äì·àµ·åà·â£·â†·âµ ·â¶·â≥ ·àµ·àù ·åΩ·çà·äï ·äê·ãç ·ä®·ãö·àÖ ·â†·çä·âµ ·ã®·àã·ä≠·äï·â£·â∏·ãç·äï ·ä†·ä´·ãâ·äï·â∂·âΩ ·ã®·àù·äï·çà·àç·åà·ãâ ·äê·åà·à≠ ·åç·äï ·ä†·ã≤·àµ ·ä†·ä´·ãç·äï·â∂·âΩ mr ·â•·àà·ãâ ·ã®·àö·åÄ·àù·à© ·â†·ãù·â∞·ãã·àç ·åç·äï ·ä†·çï·àç·ä¨·àΩ·äë space ·àµ·äï·åΩ·çç ·ä†·ã≠·âÄ·â†·àç·àù ·â¢·àµ·â∞·ä´·ä®·àç,4,2025-06-04,Commercial Bank of Ethiopia Mobile,Google Play,NEGATIVE
best,5,2025-06-04,Commercial Bank of Ethiopia Mobile,Google Play,POSITIVE
bezabih,5,2025-06-04,Commercial Bank of Ethiopia Mobile,Google Play,POSITIVE
Best Mobile Banking app ever,5,2025-06-04,Commercial Bank of Ethiopia Mobile,Google Play,POSITIVE
it was good app but it have some issues like it doesnt give me the right amount that I have in the bank and have some issues in transferring,2,2025-06-04,Commercial Bank of Ethiopia Mobile,Google Play,NEGATIVE
Good,5,2025-06-04,Commercial Bank of Ethiopia Mobile,Google Play,POSITIVE
üëåüëç,5,2025-06-04,Commercial Bank of Ethiopia Mobile,Google Play,NEGATIVE
very niec,5,2025-06-04,Commercial Bank of Ethiopia Mobile,Google Play,NEUTRAL
best app of finance,5,2025-06-04,Commercial Bank of Ethiopia Mobile,Google Play,POSITIVE
yetemeta,1,2025-06-03,Commercial Bank of Ethiopia Mobile,Google Play,POSITIVE
Engida Kebede Fetera,5,2025-06-03,Commercial Bank of Ethiopia Mobile,Google Play,NEGATIVE
it is not safety,1,2025-06-03,Commercial Bank of Ethiopia Mobile,Google Play,NEGATIVE
NICE bank,5,2025-06-03,Commercial Bank of Ethiopia Mobile,Google Play,POSITIVE
it is like a childish app make it better the worst I have ever seen,1,2025-06-02,Commercial Bank of Ethiopia Mobile,Google Play,NEGATIVE
"It's a problem solver application, go ahead CBE, I love so much.",5,2025-06-02,Commercial Bank of Ethiopia Mobile,Google Play,POSITIVE
It's good but try to make it facilitate for your client,4,2025-06-02,Commercial Bank of Ethiopia Mobile,Google Play,POSITIVE
best app,5,2025-06-01,Commercial Bank of Ethiopia Mobile,Google Play,POSITIVE
Awesome bank,5,2025-06-01,Commercial Bank of Ethiopia Mobile,Google Play,POSITIVE
this app has developed in a very good ways but there are some comments I need to make 1- preventing the screenshot likely not good for someone like me coz I need to make screenshot for quicker evidence. 2-it would be good if you make us to access recent transaction histories for 30 days coz we don't have to go to the Bank's in person to see old transactions or add colander category so user can easily access old transactions through colanders.,5,2025-05-31,Commercial Bank of Ethiopia Mobile,Google Play,NEGATIVE
Masha alla,5,2025-05-31,Commercial Bank of Ethiopia Mobile,Google Play,NEGATIVE
"Recently there is big problem when sending to safaricom, telebir, and even to cbebirr wallet could anybody who is responsible fix it, it's very frustrating it's been 5 days and my money hasn't been returned it takes it out of my account but doesn't send it to my mpesa update- they have just corrected it and sent me back the money but still I'm afraid now to send again",2,2025-05-31,Commercial Bank of Ethiopia Mobile,Google Play,NEGATIVE
better service,5,2025-05-31,Commercial Bank of Ethiopia Mobile,Google Play,POSITIVE
"it,s good app and time manager üëç",5,2025-05-30,Commercial Bank of Ethiopia Mobile,Google Play,POSITIVE
malkaamuu Jiidhaa Namoo,5,2025-05-30,Commercial Bank of Ethiopia Mobile,Google Play,NEGATIVE
lower system everything,3,2025-05-30,Commercial Bank of Ethiopia Mobile,Google Play,NEGATIVE
Nice!,5,2025-05-30,Commercial Bank of Ethiopia Mobile,Google Play,POSITIVE
Keep it up My CBE,5,2025-05-29,Commercial Bank of Ethiopia Mobile,Google Play,POSITIVE
yes good,5,2025-05-28,Commercial Bank of Ethiopia Mobile,Google Play,POSITIVE
"I was using this app for the last two years with no problems. It stopped working about 3 months ago. when I tried to transfer funds it gives me error ""can't do this transaction. inactive account.""",4,2025-05-27,Commercial Bank of Ethiopia Mobile,Google Play,NEGATIVE
i like everything of this app,5,2025-05-27,Commercial Bank of Ethiopia Mobile,Google Play,POSITIVE
ü§¨ü§¨ü§¨ü§¨ network üõú,1,2025-05-26,Commercial Bank of Ethiopia Mobile,Google Play,NEGATIVE
Best,5,2025-05-26,Commercial Bank of Ethiopia Mobile,Google Play,POSITIVE
CBE is the best financial application and and very dimple to use. I would like to say thank you so much for the developer of application. I really appreciate this app.,5,2025-05-26,Commercial Bank of Ethiopia Mobile,Google Play,POSITIVE
nice,5,2025-05-26,Commercial Bank of Ethiopia Mobile,Google Play,POSITIVE
good job,5,2025-05-26,Commercial Bank of Ethiopia Mobile,Google Play,POSITIVE
it's awesome!!,5,2025-05-25,Commercial Bank of Ethiopia Mobile,Google Play,POSITIVE
thankyou every one,5,2025-05-25,Commercial Bank of Ethiopia Mobile,Google Play,POSITIVE
Ronaldo üáµüáπ ü•á,5,2025-05-25,Commercial Bank of Ethiopia Mobile,Google Play,POSITIVE
"this app is absolutely fantastic I love it and I enjoying to it ,let us support this foundation together .",5,2025-05-25,Commercial Bank of Ethiopia Mobile,Google Play,POSITIVE
"The CBE app has been highly unreliable in recent weeks. It frequently fails to work properly on both Ethio Telecom and Safaricom networks, whether using Wi-Fi or mobile data. This week, the system was down entirely for extended periods, making it very difficult to access banking services. The app only functions intermittently, and the lack of consistency is frustrating. I hope the issues are addressed soon, and that any non-technical influences are removed from such essential services.",2,2025-05-25,Commercial Bank of Ethiopia Mobile,Google Play,NEGATIVE
mortuary app,5,2025-05-25,Commercial Bank of Ethiopia Mobile,Google Play,NEGATIVE
it is smart app but it has stoped after some period of time on my device with out any reason .,5,2025-05-25,Commercial Bank of Ethiopia Mobile,Google Play,NEGATIVE
amazing app I am used this app for one year,4,2025-05-24,Commercial Bank of Ethiopia Mobile,Google Play,POSITIVE
üëç,5,2025-05-24,Commercial Bank of Ethiopia Mobile,Google Play,NEGATIVE
good app,5,2025-05-24,Commercial Bank of Ethiopia Mobile,Google Play,POSITIVE
i love it üòçüòò,5,2025-05-24,Commercial Bank of Ethiopia Mobile,Google Play,POSITIVE
It makes life easy!üëå,5,2025-05-24,Commercial Bank of Ethiopia Mobile,Google Play,POSITIVE
its not fast,1,2025-05-24,Commercial Bank of Ethiopia Mobile,Google Play,NEGATIVE
wow,4,2025-05-24,Commercial Bank of Ethiopia Mobile,Google Play,POSITIVE
it is sooo good,5,2025-05-24,Commercial Bank of Ethiopia Mobile,Google Play,POSITIVE
excellent,5,2025-05-24,Commercial Bank of Ethiopia Mobile,Google Play,POSITIVE
ok,1,2025-05-24,Commercial Bank of Ethiopia Mobile,Google Play,POSITIVE
Fantastic,5,2025-05-23,Commercial Bank of Ethiopia Mobile,Google Play,POSITIVE
accessible to using,5,2025-05-23,Commercial Bank of Ethiopia Mobile,Google Play,POSITIVE
I like it,4,2025-05-23,Commercial Bank of Ethiopia Mobile,Google Play,POSITIVE
why you change default network?,5,2025-05-23,Commercial Bank of Ethiopia Mobile,Google Play,NEGATIVE
very nice üëç,5,2025-05-23,Commercial Bank of Ethiopia Mobile,Google Play,POSITIVE
nice fast app,5,2025-05-23,Commercial Bank of Ethiopia Mobile,Google Play,POSITIVE
how to I get my money,5,2025-05-23,Commercial Bank of Ethiopia Mobile,Google Play,NEGATIVE
"Very bad, can't even load they need to improve their services.",1,2025-05-22,Commercial Bank of Ethiopia Mobile,Google Play,NEGATIVE
"Very good app, but please make it reliable . it crashes sometimes .",4,2025-05-22,Commercial Bank of Ethiopia Mobile,Google Play,POSITIVE
very busy I don't know why... I prefer 889,3,2025-05-22,Commercial Bank of Ethiopia Mobile,Google Play,NEGATIVE
"Sometimes it has a nasty lag for several hour fix that , the rest is üëå",4,2025-05-22,Commercial Bank of Ethiopia Mobile,Google Play,NEGATIVE
the most boring Mobil banking application in ethiopia.Please use alternative private banks mobile banking apps,1,2025-05-22,Commercial Bank of Ethiopia Mobile,Google Play,NEGATIVE
hojii bonsaadha,5,2025-05-22,Commercial Bank of Ethiopia Mobile,Google Play,POSITIVE
user-friendly apps.because this app is easy.,5,2025-05-22,Commercial Bank of Ethiopia Mobile,Google Play,POSITIVE
Awosome!!!,5,2025-05-22,Commercial Bank of Ethiopia Mobile,Google Play,POSITIVE
"Very good app,",5,2025-05-22,Commercial Bank of Ethiopia Mobile,Google Play,POSITIVE
sync problem may 22 2025 but the date stack on may 8 2025 help pls,5,2025-05-22,Commercial Bank of Ethiopia Mobile,Google Play,NEGATIVE
·ã≠·àÖ ·àò·â∞·åç·â†·à™·ã´ ·â†·å£·àù ·å•·à© ·äê·ãç. this app is very nice,5,2025-05-22,Commercial Bank of Ethiopia Mobile,Google Play,POSITIVE
I hate this app üòí,1,2025-05-22,Commercial Bank of Ethiopia Mobile,Google Play,NEGATIVE
trustful,5,2025-05-22,Commercial Bank of Ethiopia Mobile,Google Play,POSITIVE
I like,5,2025-05-22,Commercial Bank of Ethiopia Mobile,Google Play,POSITIVE
update issue,4,2025-05-22,Commercial Bank of Ethiopia Mobile,Google Play,NEUTRAL
its not working over safari network,1,2025-05-22,Commercial Bank of Ethiopia Mobile,Google Play,NEGATIVE
oldie,1,2025-05-22,Commercial Bank of Ethiopia Mobile,Google Play,NEGATIVE
it doesn't work,1,2025-05-21,Commercial Bank of Ethiopia Mobile,Google Play,NEGATIVE
"This app is good, and we are using it well",1,2025-05-21,Commercial Bank of Ethiopia Mobile,Google Play,POSITIVE
very nice üëå app for android phone,5,2025-05-21,Commercial Bank of Ethiopia Mobile,Google Play,POSITIVE
Yes Yes,5,2025-05-21,Commercial Bank of Ethiopia Mobile,Google Play,POSITIVE
·â†·å£·àù ·ä®·à≠·çã·çã,1,2025-05-21,Commercial Bank of Ethiopia Mobile,Google Play,NEGATIVE
easy to use helpful in my life,5,2025-05-21,Commercial Bank of Ethiopia Mobile,Google Play,POSITIVE
good üëç,4,2025-05-21,Commercial Bank of Ethiopia Mobile,Google Play,POSITIVE
the best mobile banking app,5,2025-05-21,Commercial Bank of Ethiopia Mobile,Google Play,POSITIVE
"this app is very useful app,it saves time,and it is secure",4,2025-05-21,Commercial Bank of Ethiopia Mobile,Google Play,POSITIVE
it's a good application üëç,5,2025-05-21,Commercial Bank of Ethiopia Mobile,Google Play,POSITIVE
the screenshot and the reffresh options are so annoying that makes transaction so delaying activity !,2,2025-05-21,Commercial Bank of Ethiopia Mobile,Google Play,NEGATIVE
poor service,1,2025-05-21,Commercial Bank of Ethiopia Mobile,Google Play,NEGATIVE
amazing,5,2025-05-20,Commercial Bank of Ethiopia Mobile,Google Play,POSITIVE
it is reliable and easy to use.,5,2025-05-20,Commercial Bank of Ethiopia Mobile,Google Play,POSITIVE
the most annoying mobile banking app I've ever seen,1,2025-05-20,Commercial Bank of Ethiopia Mobile,Google Play,NEGATIVE
Eliasmels,5,2025-05-20,Commercial Bank of Ethiopia Mobile,Google Play,NEUTRAL
Cbe mobile banking,5,2025-05-20,Commercial Bank of Ethiopia Mobile,Google Play,POSITIVE
"i can't make Screenshout in this app, please made modification",5,2025-05-20,Commercial Bank of Ethiopia Mobile,Google Play,NEGATIVE
Best app I loved it,5,2025-05-19,Commercial Bank of Ethiopia Mobile,Google Play,POSITIVE
nice app,5,2025-05-19,Commercial Bank of Ethiopia Mobile,Google Play,POSITIVE
Amazing applicatiom sometimes doesnt work!,5,2025-05-18,Commercial Bank of Ethiopia Mobile,Google Play,NEGATIVE
well satisfied with this beautiful app,5,2025-05-18,Commercial Bank of Ethiopia Mobile,Google Play,POSITIVE
very good,4,2025-05-17,Commercial Bank of Ethiopia Mobile,Google Play,POSITIVE
best app.,5,2025-05-17,Commercial Bank of Ethiopia Mobile,Google Play,POSITIVE
"not working,why???",5,2025-05-17,Commercial Bank of Ethiopia Mobile,Google Play,NEGATIVE
Great impact but why Developer option turnoff if you fix üôè üôè üôè,5,2025-05-17,Commercial Bank of Ethiopia Mobile,Google Play,NEGATIVE
always disappointing ! especially the iOS one !! some similar local applications are extremely superior to this application!! Really disappointing!,1,2025-05-17,Commercial Bank of Ethiopia Mobile,Google Play,NEGATIVE
woxe harimo ribiso,5,2025-05-17,Commercial Bank of Ethiopia Mobile,Google Play,NEGATIVE
"Good ,easy to use",5,2025-05-16,Commercial Bank of Ethiopia Mobile,Google Play,POSITIVE
Good app,5,2025-05-15,Commercial Bank of Ethiopia Mobile,Google Play,POSITIVE
Good jobüëç,5,2025-05-14,Commercial Bank of Ethiopia Mobile,Google Play,POSITIVE
"Please kindly ask to update the app and allow us to screenshot, it's convenient and efficient as long as you add security to the access there is no reason to block us from screenshooting our screen.",2,2025-05-14,Commercial Bank of Ethiopia Mobile,Google Play,POSITIVE
I have using the CBE mobile banking app. and overall i appreciate its Feuteres However i.ve Notticed that when i turn on the Developer options on my divice the App.Stop Functioning prorerly It.Would Be Great If You could look into This issue as l often need to access Developer setting for Otter Application ThankYou For Your attention to This Matter,4,2025-05-13,Commercial Bank of Ethiopia Mobile,Google Play,NEGATIVE
customer service is bad nothing is good about this bank,1,2025-05-13,Commercial Bank of Ethiopia Mobile,Google Play,NEGATIVE
It is Amazing Mobile Banking App....But why the screenshot of the receipt doesnt work,5,2025-05-13,Commercial Bank of Ethiopia Mobile,Google Play,NEGATIVE
fast and simple easy to use üëå,5,2025-05-12,Commercial Bank of Ethiopia Mobile,Google Play,POSITIVE
The fastest transferring app I ever had its so reliable,5,2025-05-11,Commercial Bank of Ethiopia Mobile,Google Play,POSITIVE
"Funds transferred from the same bank do not reflect in the account, even though a confirmation text message was received.",3,2025-05-11,Commercial Bank of Ethiopia Mobile,Google Play,NEGATIVE
it's easy and fast,5,2025-05-10,Commercial Bank of Ethiopia Mobile,Google Play,POSITIVE
This app don't have self activation only you have to look near cbe branch that's disgusting,1,2025-05-10,Commercial Bank of Ethiopia Mobile,Google Play,NEGATIVE
hello dearest CBE office personnel make some benefits for those using interest free accounts thanks for your help,5,2025-05-09,Commercial Bank of Ethiopia Mobile,Google Play,POSITIVE
wow best application ever,5,2025-05-09,Commercial Bank of Ethiopia Mobile,Google Play,POSITIVE
"Am sorry but what does developer mode do to the application ? hack it ? are you sure you are developer or are you stupid, doesnt makes sense,",1,2025-05-08,Commercial Bank of Ethiopia Mobile,Google Play,NEGATIVE
the pride of Ethiopian bank üè¶,5,2025-05-08,Commercial Bank of Ethiopia Mobile,Google Play,POSITIVE
why the app telling me to turn of developer options please fix it.,1,2025-05-07,Commercial Bank of Ethiopia Mobile,Google Play,NEGATIVE
i am very happy . i have small prob. after i transfer i cant put the transfer cashe bil to my dic.,5,2025-05-07,Commercial Bank of Ethiopia Mobile,Google Play,POSITIVE
amazing apps,5,2025-05-06,Commercial Bank of Ethiopia Mobile,Google Play,POSITIVE
All service of Mobile Banking,5,2025-05-06,Commercial Bank of Ethiopia Mobile,Google Play,POSITIVE
needs improvement,1,2025-05-06,Commercial Bank of Ethiopia Mobile,Google Play,NEGATIVE
i miss the old one i couldn't send my mony to other bank..,1,2025-05-06,Commercial Bank of Ethiopia Mobile,Google Play,NEGATIVE
the app is recently crushing each time you open and try to make transfers...it used to be good. take lessons from the Dashen Super app or ethiotelecom. it is not befitting of your experience and glory. inv3st in making it more friendly and convenient. I am considering leaving CBE for good.,2,2025-05-06,Commercial Bank of Ethiopia Mobile,Google Play,NEGATIVE
good but these week not oky,4,2025-05-06,Commercial Bank of Ethiopia Mobile,Google Play,NEGATIVE
well designed! Fixing bugs & two step verification with biometric... simply it's great!,5,2025-05-06,Commercial Bank of Ethiopia Mobile,Google Play,POSITIVE
If any developer is reading this please fix the screenshot functionality or at least the download button should work flawlessly without me touching it twenty times.,1,2025-05-05,Commercial Bank of Ethiopia Mobile,Google Play,NEGATIVE
"it's a great job.but one more thing, it hasn't been placed for transfer to other banks on face like mobile charge card place",5,2025-05-05,Commercial Bank of Ethiopia Mobile,Google Play,POSITIVE
CBE mobilr bankg,5,2025-05-05,Commercial Bank of Ethiopia Mobile,Google Play,POSITIVE
verygood,3,2025-05-05,Commercial Bank of Ethiopia Mobile,Google Play,POSITIVE
ŸÖŸÖÿ™ÿßÿ≤ ÿ¨ÿØÿß,5,2025-05-04,Commercial Bank of Ethiopia Mobile,Google Play,NEGATIVE
it's very low quality application,1,2025-05-04,Commercial Bank of Ethiopia Mobile,Google Play,NEGATIVE
Very Amazing Apps,5,2025-05-04,Commercial Bank of Ethiopia Mobile,Google Play,POSITIVE
·ä†·ãõ,1,2025-05-04,Commercial Bank of Ethiopia Mobile,Google Play,NEGATIVE
wow simple life,5,2025-05-04,Commercial Bank of Ethiopia Mobile,Google Play,POSITIVE
it's nice,5,2025-05-03,Commercial Bank of Ethiopia Mobile,Google Play,POSITIVE
Why stacked sometimes,5,2025-05-03,Commercial Bank of Ethiopia Mobile,Google Play,NEGATIVE
okay üëç but sometimes busy,1,2025-05-03,Commercial Bank of Ethiopia Mobile,Google Play,NEGATIVE
the worst commercial company that fails to do even the most normal things again and and again.,1,2025-05-03,Commercial Bank of Ethiopia Mobile,Google Play,NEGATIVE
Very good app. but disappointed by general cessation of system.,5,2025-05-02,Commercial Bank of Ethiopia Mobile,Google Play,NEGATIVE
Good and fast,5,2025-05-02,Commercial Bank of Ethiopia Mobile,Google Play,POSITIVE
Unreliable!,1,2025-05-02,Commercial Bank of Ethiopia Mobile,Google Play,NEGATIVE
Best the best fast,5,2025-05-02,Commercial Bank of Ethiopia Mobile,Google Play,POSITIVE
happy,5,2025-05-02,Commercial Bank of Ethiopia Mobile,Google Play,POSITIVE
fast and reliable,5,2025-05-02,Commercial Bank of Ethiopia Mobile,Google Play,POSITIVE
network errorrrrrr,2,2025-05-02,Commercial Bank of Ethiopia Mobile,Google Play,NEGATIVE
Best app but there is some problem I can't send money to telebirr or mpesa so if you can add that it could be use full,4,2025-05-02,Commercial Bank of Ethiopia Mobile,Google Play,NEGATIVE
its good and simple to use,5,2025-05-02,Commercial Bank of Ethiopia Mobile,Google Play,POSITIVE
worest app like that bank for security and network access,1,2025-05-02,Commercial Bank of Ethiopia Mobile,Google Play,NEGATIVE
it's the best app i,5,2025-05-02,Commercial Bank of Ethiopia Mobile,Google Play,POSITIVE
not bad not good,1,2025-05-02,Commercial Bank of Ethiopia Mobile,Google Play,NEGATIVE
its very nice,5,2025-05-02,Commercial Bank of Ethiopia Mobile,Google Play,POSITIVE
do not work this week,3,2025-04-30,Commercial Bank of Ethiopia Mobile,Google Play,NEGATIVE
It crashes frequently,4,2025-04-30,Commercial Bank of Ethiopia Mobile,Google Play,NEGATIVE
the best,5,2025-04-28,Commercial Bank of Ethiopia Mobile,Google Play,POSITIVE
"I can simply describe this app as ""Making all your work easier"".",5,2025-04-28,Commercial Bank of Ethiopia Mobile,Google Play,POSITIVE
goid,5,2025-04-28,Commercial Bank of Ethiopia Mobile,Google Play,NEGATIVE
best appearance,5,2025-04-27,Commercial Bank of Ethiopia Mobile,Google Play,POSITIVE
it's very good üëç app,5,2025-04-27,Commercial Bank of Ethiopia Mobile,Google Play,POSITIVE
abinet kutafo,1,2025-04-27,Commercial Bank of Ethiopia Mobile,Google Play,POSITIVE
I need support you,5,2025-04-27,Commercial Bank of Ethiopia Mobile,Google Play,NEGATIVE
the worst Mobile banking i have ever seen in my life,1,2025-04-26,Commercial Bank of Ethiopia Mobile,Google Play,NEGATIVE
Nuree mahamud,5,2025-04-26,Commercial Bank of Ethiopia Mobile,Google Play,POSITIVE
super,5,2025-04-26,Commercial Bank of Ethiopia Mobile,Google Play,POSITIVE
·å†·åÄ·å®·åà·åÄ·ç¢·åÄ·åà,5,2025-04-26,Commercial Bank of Ethiopia Mobile,Google Play,NEGATIVE
i like the app,5,2025-04-26,Commercial Bank of Ethiopia Mobile,Google Play,POSITIVE
the Best,1,2025-04-26,Commercial Bank of Ethiopia Mobile,Google Play,POSITIVE
to other bank is bad,1,2025-04-25,Commercial Bank of Ethiopia Mobile,Google Play,NEGATIVE
tank's,5,2025-04-25,Commercial Bank of Ethiopia Mobile,Google Play,NEGATIVE
its good but add more features such like. bank statement showing,5,2025-04-24,Commercial Bank of Ethiopia Mobile,Google Play,POSITIVE
it is so nice,5,2025-04-24,Commercial Bank of Ethiopia Mobile,Google Play,POSITIVE
Very Goodüëç,5,2025-04-21,Commercial Bank of Ethiopia Mobile,Google Play,POSITIVE
"my first frequent experience of cbe app is critical-time failure such as suspending payment on air for 2-5 days with zero explanation, deducting from sender account without depositing to the receiver act. Another fatal error by the banking company as a whole (not the app itself though) is forced-banking with corporations without consent of employers-users of the corresponding corporations",2,2025-04-21,Commercial Bank of Ethiopia Mobile,Google Play,NEGATIVE
"wow, amazing app",5,2025-04-21,Commercial Bank of Ethiopia Mobile,Google Play,POSITIVE
use ful,5,2025-04-21,Commercial Bank of Ethiopia Mobile,Google Play,NEGATIVE
Great app,5,2025-04-21,Commercial Bank of Ethiopia Mobile,Google Play,POSITIVE
well app,5,2025-04-20,Commercial Bank of Ethiopia Mobile,Google Play,POSITIVE
Actually it is inactive,4,2025-04-19,Commercial Bank of Ethiopia Mobile,Google Play,NEGATIVE
"slow, only one account is used",2,2025-04-19,Commercial Bank of Ethiopia Mobile,Google Play,NEGATIVE
always CBE is the leading Commercial Banküí™üí™üí™,5,2025-04-18,Commercial Bank of Ethiopia Mobile,Google Play,POSITIVE
i like it,5,2025-04-18,Commercial Bank of Ethiopia Mobile,Google Play,POSITIVE
why removing screenshot feature why?,1,2025-04-18,Commercial Bank of Ethiopia Mobile,Google Play,NEGATIVE
nice apps where network is good in connection,5,2025-04-18,Commercial Bank of Ethiopia Mobile,Google Play,POSITIVE
Thank you!!!,5,2025-04-18,Commercial Bank of Ethiopia Mobile,Google Play,POSITIVE
i can't take screenshot,1,2025-04-18,Commercial Bank of Ethiopia Mobile,Google Play,NEGATIVE
"every update was made the system better and better until the March 19th, 2025 update, not allowing us to screenshot. you guys didn't understand how much it's a really quick and significant thing. You add extra steps to us, which makes the process draw back",3,2025-04-18,Commercial Bank of Ethiopia Mobile,Google Play,NEGATIVE
perfectly special,5,2025-04-18,Commercial Bank of Ethiopia Mobile,Google Play,POSITIVE
Fast and Reliable,5,2025-04-18,Commercial Bank of Ethiopia Mobile,Google Play,POSITIVE
The best application I have ever seen in Ethiopia banking industry.,5,2025-04-17,Commercial Bank of Ethiopia Mobile,Google Play,POSITIVE
great app!!!,5,2025-04-17,Commercial Bank of Ethiopia Mobile,Google Play,POSITIVE
because sometimes it doesn't working it load too much,3,2025-04-17,Commercial Bank of Ethiopia Mobile,Google Play,NEGATIVE
"Absolutely the best app! It works flawlessly, anytime and anywhere.",5,2025-04-17,Commercial Bank of Ethiopia Mobile,Google Play,POSITIVE
very nice app ever!!!,5,2025-04-16,Commercial Bank of Ethiopia Mobile,Google Play,POSITIVE
the best app,5,2025-04-16,Commercial Bank of Ethiopia Mobile,Google Play,POSITIVE
Biometric security for mobile banking is not available,5,2025-04-16,Commercial Bank of Ethiopia Mobile,Google Play,NEGATIVE
great,5,2025-04-15,Commercial Bank of Ethiopia Mobile,Google Play,POSITIVE
Nice service,5,2025-04-15,Commercial Bank of Ethiopia Mobile,Google Play,POSITIVE
great app,5,2025-04-15,Commercial Bank of Ethiopia Mobile,Google Play,POSITIVE
it's special apps,5,2025-04-15,Commercial Bank of Ethiopia Mobile,Google Play,POSITIVE
"In the updated version of the app, it takes more time to download the receipt.",3,2025-04-15,Commercial Bank of Ethiopia Mobile,Google Play,NEGATIVE
·àà·àù·äï·ãµ·äê·ãç ·âµ·à´·äï·ãõ·ä≠·àΩ·äï ·âµ·äï·àΩ ·â•·âª ·ã®·àö·ã´·à≥·ã®·ãç ?,3,2025-04-14,Commercial Bank of Ethiopia Mobile,Google Play,NEGATIVE
Good üî•,5,2025-04-14,Commercial Bank of Ethiopia Mobile,Google Play,POSITIVE
very interesting app i am using every day fantastic,5,2025-04-14,Commercial Bank of Ethiopia Mobile,Google Play,POSITIVE
lebaa bank,5,2025-04-14,Commercial Bank of Ethiopia Mobile,Google Play,NEGATIVE
Can't scan/recognize other banks' Interoperable QR Codes,1,2025-04-13,Commercial Bank of Ethiopia Mobile,Google Play,NEGATIVE
OK,5,2025-04-13,Commercial Bank of Ethiopia Mobile,Google Play,POSITIVE
grateful app,5,2025-04-13,Commercial Bank of Ethiopia Mobile,Google Play,POSITIVE
100% ‚ù§Ô∏è‚ù§Ô∏è‚ù§Ô∏èüôèüôèüôèüôèüôèüôèüôèüôèüôèüôèüôèüôèüôèüôèüôèüôè,5,2025-04-13,Commercial Bank of Ethiopia Mobile,Google Play,POSITIVE
everthing wellbeok,3,2025-04-13,Commercial Bank of Ethiopia Mobile,Google Play,NEGATIVE
"""This mobile banking app is fast and user-friendly, but the only issue I encountered is that I can't access my bank statement within the app. I kindly request that this feature be added, similar to what is offered by other private bank mobile banking apps.",4,2025-04-13,Commercial Bank of Ethiopia Mobile,Google Play,NEGATIVE
nice app üëå,5,2025-04-12,Commercial Bank of Ethiopia Mobile,Google Play,POSITIVE
why did this app is not screenshot,5,2025-04-12,Commercial Bank of Ethiopia Mobile,Google Play,NEGATIVE
it so good app,5,2025-04-12,Commercial Bank of Ethiopia Mobile,Google Play,POSITIVE
ÿ¨ŸÖŸäŸÑ,5,2025-04-11,Commercial Bank of Ethiopia Mobile,Google Play,POSITIVE
"less network, specially to make fee for utility purpose",1,2025-04-11,Commercial Bank of Ethiopia Mobile,Google Play,NEGATIVE
simply for used,4,2025-04-11,Commercial Bank of Ethiopia Mobile,Google Play,NEGATIVE
wow keep up,5,2025-04-10,Commercial Bank of Ethiopia Mobile,Google Play,POSITIVE
its great app but when updating we can't take screen shot please try to fix it,3,2025-04-10,Commercial Bank of Ethiopia Mobile,Google Play,NEGATIVE
good one,5,2025-04-10,Commercial Bank of Ethiopia Mobile,Google Play,POSITIVE
everything is easy thank you cebe,5,2025-04-10,Commercial Bank of Ethiopia Mobile,Google Play,POSITIVE
·çà·å£·äï ·âÄ·àç·å£·çã,5,2025-04-10,Commercial Bank of Ethiopia Mobile,Google Play,NEGATIVE
·åé·â†·ãù,5,2025-04-09,Commercial Bank of Ethiopia Mobile,Google Play,NEGATIVE
but this app says can't sync,5,2025-04-09,Commercial Bank of Ethiopia Mobile,Google Play,NEGATIVE
waw,5,2025-04-09,Commercial Bank of Ethiopia Mobile,Google Play,NEGATIVE
to slow,3,2025-04-09,Commercial Bank of Ethiopia Mobile,Google Play,NEGATIVE
work on screen shot system,4,2025-04-08,Commercial Bank of Ethiopia Mobile,Google Play,NEUTRAL
very very nice aplication,1,2025-04-08,Commercial Bank of Ethiopia Mobile,Google Play,POSITIVE
wonder full and it is easy to use,5,2025-04-08,Commercial Bank of Ethiopia Mobile,Google Play,POSITIVE
easy and reliable,2,2025-04-08,Commercial Bank of Ethiopia Mobile,Google Play,POSITIVE
it is Very Useful app üëç,5,2025-04-07,Commercial Bank of Ethiopia Mobile,Google Play,POSITIVE
perfect app,5,2025-04-07,Commercial Bank of Ethiopia Mobile,Google Play,POSITIVE
I like it.,5,2025-04-07,Commercial Bank of Ethiopia Mobile,Google Play,POSITIVE
bugs,3,2025-04-07,Commercial Bank of Ethiopia Mobile,Google Play,NEGATIVE
commerial Bank,5,2025-04-06,Commercial Bank of Ethiopia Mobile,Google Play,NEGATIVE
Genat biru,2,2025-04-06,Commercial Bank of Ethiopia Mobile,Google Play,NEGATIVE
üôè,5,2025-04-06,Commercial Bank of Ethiopia Mobile,Google Play,NEGATIVE
it is good but it doesn't allow screen shot,4,2025-04-06,Commercial Bank of Ethiopia Mobile,Google Play,POSITIVE
the best one,5,2025-04-06,Commercial Bank of Ethiopia Mobile,Google Play,POSITIVE
You need to copy many things from other bank apps like Amole(Dashen),2,2025-04-06,Commercial Bank of Ethiopia Mobile,Google Play,NEGATIVE
bring back the screenshot feature.,1,2025-04-05,Commercial Bank of Ethiopia Mobile,Google Play,POSITIVE
Good!üëç,3,2025-04-05,Commercial Bank of Ethiopia Mobile,Google Play,POSITIVE
best app to experience him that to smooth transaction among the customers,1,2025-04-05,Commercial Bank of Ethiopia Mobile,Google Play,POSITIVE
nice app suitable to use it. the only weak side is it need data connections and hoping will be fixed to offline i gave 4 rate,4,2025-04-05,Commercial Bank of Ethiopia Mobile,Google Play,NEGATIVE
easy to use,5,2025-04-05,Commercial Bank of Ethiopia Mobile,Google Play,POSITIVE
"Good job to the CBE team on this mobile app! It's designed in a way that's simple and intuitive to navigate, which is great for everyone. It effectively handles the essential banking tasks I need to perform regularly. It's a practical and reliable tool that makes everyday banking much more convenient. Thank you for this useful application.",5,2025-04-04,Commercial Bank of Ethiopia Mobile,Google Play,POSITIVE
·àà·äî ·â†·å£·àù ·àù·à≠·å• ·äê·ãç ·åç·äï screenshot ·àõ·à®·åç ·â¢·âª·àç ·àù·à≠·å• ·äê·â†·à≠,5,2025-04-04,Commercial Bank of Ethiopia Mobile,Google Play,NEGATIVE
before it was smooth and good. this time after the new update in 2025 i can not make screenshot of my recite. even the downlod button is very delayed in putting my recite in my gallery for simple proof. please fix this i am unable to show proof of payment to my clients. thankyou.,3,2025-04-04,Commercial Bank of Ethiopia Mobile,Google Play,NEGATIVE
cool ‚ù§,4,2025-04-04,Commercial Bank of Ethiopia Mobile,Google Play,POSITIVE
Best app,5,2025-04-04,Commercial Bank of Ethiopia Mobile,Google Play,POSITIVE
best banking App,4,2025-04-03,Commercial Bank of Ethiopia Mobile,Google Play,POSITIVE
satisfied,5,2025-04-03,Commercial Bank of Ethiopia Mobile,Google Play,POSITIVE
this app is very necessary app many people found it,5,2025-04-03,Commercial Bank of Ethiopia Mobile,Google Play,POSITIVE
cbe very active Bank I'm using CBE app very very satisfaction,5,2025-04-03,Commercial Bank of Ethiopia Mobile,Google Play,POSITIVE
It made life alot easier. I cant even imagine having to make all those transactions in person. So this app was crucial for me. Very good app. well done.,5,2025-04-03,Commercial Bank of Ethiopia Mobile,Google Play,POSITIVE
perfect,5,2025-04-03,Commercial Bank of Ethiopia Mobile,Google Play,POSITIVE
thankyou,5,2025-04-02,Commercial Bank of Ethiopia Mobile,Google Play,POSITIVE
I Like it,5,2025-04-02,Commercial Bank of Ethiopia Mobile,Google Play,POSITIVE
"I don't understand the reason, why I need to disable developer options to access the app, it has no security risks nor does it hinder the app's functionalities. This goes out to the dev, I hope your life is filled with inconveniences.",1,2025-04-02,Commercial Bank of Ethiopia Mobile,Google Play,NEGATIVE
smart app,5,2025-04-02,Commercial Bank of Ethiopia Mobile,Google Play,POSITIVE
isin ga'a,2,2025-04-02,Commercial Bank of Ethiopia Mobile,Google Play,POSITIVE
it's great,5,2025-04-02,Commercial Bank of Ethiopia Mobile,Google Play,POSITIVE
very good app and stars faction with work,5,2025-04-02,Commercial Bank of Ethiopia Mobile,Google Play,POSITIVE
It is excelent,5,2025-04-01,Commercial Bank of Ethiopia Mobile,Google Play,POSITIVE
Smart,5,2025-04-01,Commercial Bank of Ethiopia Mobile,Google Play,POSITIVE
·â†·ã®·ãà·à© ·ä†·çï·ã∞·âµ ·ä•·ã®·å†·ã®·âÄ·äù ·äê·ãç ·àà·äê·åà·à© ·â•·à≠ ·àµ·àå·àà·äù ·ã≠·àÜ·äì·àç ·ä•·äì ·àù·äï ·àà·àõ·àà·âµ ·çà·àç·åà ·àò·à∞·àã·âπ ·ãà·àã·àÖ ·âº·åç·àÆ·äõ·àç ü•∫ü•∫ü•∫,3,2025-04-01,Commercial Bank of Ethiopia Mobile,Google Play,NEGATIVE
very interesting app,5,2025-04-01,Commercial Bank of Ethiopia Mobile,Google Play,POSITIVE
wow.......cbe.....keep it up.....!!!!!!,5,2025-04-01,Commercial Bank of Ethiopia Mobile,Google Play,POSITIVE
·åä·ãú·äï ·âÜ·å£·â¢ ·ä•·äì ·àÖ·ã≠·ãà·âµ·äï ·âÄ·àà·àç ·ä®·àö·ã´·ã∞·à≠·åâ ·ä¢·âµ·ã¨·å≤·ã´ ·ä´·àâ ·çã·ã≠·äì·äï·àµ ·ä†·çï·àç·ä¨·àΩ·äñ·âΩ ·àÅ·àâ ·ã≠·àÑ ·ã≠·àà·ã´·àç,5,2025-04-01,Commercial Bank of Ethiopia Mobile,Google Play,NEGATIVE
Excellentüôèapp,5,2025-04-01,Commercial Bank of Ethiopia Mobile,Google Play,NEGATIVE
the most useful,5,2025-04-01,Commercial Bank of Ethiopia Mobile,Google Play,POSITIVE
I am more satisfied in this app . More sure you have to secure.,4,2025-04-01,Commercial Bank of Ethiopia Mobile,Google Play,POSITIVE
Easy to use,5,2025-04-01,Commercial Bank of Ethiopia Mobile,Google Play,POSITIVE
"very good, but sometimes NUR CBE comes without my consent. even if I choose locked, it appears",4,2025-04-01,Commercial Bank of Ethiopia Mobile,Google Play,NEGATIVE
Excellent !!!,5,2025-04-01,Commercial Bank of Ethiopia Mobile,Google Play,POSITIVE
always we relay on,5,2025-04-01,Commercial Bank of Ethiopia Mobile,Google Play,POSITIVE
I'm lucky to have thisüôè thank you CBE.,5,2025-04-01,Commercial Bank of Ethiopia Mobile,Google Play,POSITIVE
it's need more improvement like Tellbirr.,4,2025-04-01,Commercial Bank of Ethiopia Mobile,Google Play,NEGATIVE
goode app,5,2025-04-01,Commercial Bank of Ethiopia Mobile,Google Play,POSITIVE
a very nice app.üëçüëçüëç,5,2025-04-01,Commercial Bank of Ethiopia Mobile,Google Play,POSITIVE
safe easy & fast,5,2025-04-01,Commercial Bank of Ethiopia Mobile,Google Play,POSITIVE
it's good app,5,2025-04-01,Commercial Bank of Ethiopia Mobile,Google Play,POSITIVE
It is veary useful app but screen shout was impossible .solve this problem,5,2025-04-01,Commercial Bank of Ethiopia Mobile,Google Play,NEGATIVE
·å•·à© ·äê·ãç,5,2025-04-01,Commercial Bank of Ethiopia Mobile,Google Play,NEGATIVE
·ä•·åÖ·åç ·â†·å£·àù ·å•·à© ·ä†·çï,5,2025-04-01,Commercial Bank of Ethiopia Mobile,Google Play,NEGATIVE
·â†·å£·àù ·àÉ·à™·çç ·äê·ãç ·åç·äï ·â•·à≠ ·â†·àö·â∞·àã·àà·çç·â†·âµ ·ãà·âÖ·âµ ·â∞·âÄ·äï·à∑·àç ·ã≠·àã·àç ·ä•·àã·çä ·àò·àç·ä≠·â± ·ã≠·ã∞·à≠·à≥·àç ·åç·äï ·ä†·ã≠·âÄ·äï·àµ·àù,5,2025-04-01,Commercial Bank of Ethiopia Mobile,Google Play,NEGATIVE
suitable app,4,2025-04-01,Commercial Bank of Ethiopia Mobile,Google Play,POSITIVE
Dear cbe this app is not comparable with 21century and pls try to solve it.üíÄüíÄüíÄ,1,2025-04-01,Commercial Bank of Ethiopia Mobile,Google Play,NEGATIVE
best transaction method of financial,5,2025-04-01,Commercial Bank of Ethiopia Mobile,Google Play,POSITIVE
#CBE is Now going to on the right Pathway/track/!! Thank you CBE one step ahead on payment platform app!!,5,2025-04-01,Commercial Bank of Ethiopia Mobile,Google Play,POSITIVE
It literarily don't work at all,4,2025-04-01,Commercial Bank of Ethiopia Mobile,Google Play,NEGATIVE
good give us plus,5,2025-04-01,Commercial Bank of Ethiopia Mobile,Google Play,POSITIVE
"Very good application. However, I have one functionality recommendation. What if you let the app transfer money to any telebirr account as for MPESA? By the way, I am not the only one to ask this. Thank you!",4,2025-04-01,Commercial Bank of Ethiopia Mobile,Google Play,POSITIVE
before update it was able to screenshot while after update I can't able to screenshot the transfere details,4,2025-04-01,Commercial Bank of Ethiopia Mobile,Google Play,NEGATIVE
Tnc Cbe,5,2025-04-01,Commercial Bank of Ethiopia Mobile,Google Play,POSITIVE
it is good app. But you have integrate cbe with cbe birr. to allow cardless withdrawal directly from our accout!,4,2025-03-31,Commercial Bank of Ethiopia Mobile,Google Play,NEGATIVE
great apps,5,2025-03-31,Commercial Bank of Ethiopia Mobile,Google Play,POSITIVE
Excellent,5,2025-03-31,Commercial Bank of Ethiopia Mobile,Google Play,POSITIVE
Great app!,4,2025-03-31,Commercial Bank of Ethiopia Mobile,Google Play,POSITIVE
CBE,5,2025-03-31,Commercial Bank of Ethiopia Mobile,Google Play,POSITIVE
very good üëç üëè,5,2025-03-31,Commercial Bank of Ethiopia Mobile,Google Play,POSITIVE
great when it works,5,2025-03-31,Commercial Bank of Ethiopia Mobile,Google Play,POSITIVE
"the app is very good, but why screenshots is impossible?",5,2025-03-31,Commercial Bank of Ethiopia Mobile,Google Play,NEGATIVE
excellent match application,5,2025-03-31,Commercial Bank of Ethiopia Mobile,Google Play,POSITIVE
The Best appüòçüòçüòç,5,2025-03-31,Commercial Bank of Ethiopia Mobile,Google Play,POSITIVE
excellent app,5,2025-03-31,Commercial Bank of Ethiopia Mobile,Google Play,POSITIVE
easy to use and user friendly,5,2025-03-31,Commercial Bank of Ethiopia Mobile,Google Play,POSITIVE
very nice,5,2025-03-31,Commercial Bank of Ethiopia Mobile,Google Play,POSITIVE
·ä†·à™·çç ·äê·ãç ·â†·â∞·àà·ã≠ ·ã®·ä†·àª·à´ ·ã∞·àÖ·äê·â± ·àò·à®·åã·åà·å° ·â∞·àò·âΩ·â∂·äõ·àç,3,2025-03-31,Commercial Bank of Ethiopia Mobile,Google Play,NEGATIVE
well software,5,2025-03-31,Commercial Bank of Ethiopia Mobile,Google Play,POSITIVE
·å•·à© ·äê·ãç ·ä†·äï·ã≥·äï·ã¥ ·àµ·â≥·ä≠ ·â¢·ã´·ã∞·à≠·åç·àù,4,2025-03-31,Commercial Bank of Ethiopia Mobile,Google Play,NEGATIVE
CBE very good apps,5,2025-03-31,Commercial Bank of Ethiopia Mobile,Google Play,POSITIVE
"This application fast, secure and more convenient. Thanks CBE",5,2025-03-31,Commercial Bank of Ethiopia Mobile,Google Play,POSITIVE
